"","provincia","sexo","idade_gt7","variable","value","count","percent"
"1","MANICA","FEMININO",0,"dif_fica_pe","ALGUMA",4,"6.3"
"2","MANICA","FEMININO",0,"dif_fica_pe","MUITA",1,"1.6"
"3","MANICA","FEMININO",0,"dif_fica_pe","NENHUMA",49,"77.8"
"4","MANICA","FEMININO",0,"dif_fica_pe","PEQUENA",9,"14.3"
"5","MANICA","FEMININO",0,"dif_casa","ALGUMA",1,"1.6"
"6","MANICA","FEMININO",0,"dif_casa","MUITA",2,"3.2"
"7","MANICA","FEMININO",0,"dif_casa","NENHUMA",48,"76.2"
"8","MANICA","FEMININO",0,"dif_casa","PEQUENA",12,"19"
"9","MANICA","FEMININO",0,"dif_tarefa_nova","ALGUMA",3,"4.8"
"10","MANICA","FEMININO",0,"dif_tarefa_nova","MUITA",1,"1.6"
"11","MANICA","FEMININO",0,"dif_tarefa_nova","NENHUMA",42,"66.7"
"12","MANICA","FEMININO",0,"dif_tarefa_nova","PEQUENA",17,"27"
"13","MANICA","FEMININO",0,"dif_comunidade","ALGUMA",2,"3.2"
"14","MANICA","FEMININO",0,"dif_comunidade","MUITA",1,"1.6"
"15","MANICA","FEMININO",0,"dif_comunidade","NENHUMA",50,"79.4"
"16","MANICA","FEMININO",0,"dif_comunidade","PEQUENA",10,"15.9"
"17","MANICA","FEMININO",0,"dif_concentrar","ALGUMA",2,"3.2"
"18","MANICA","FEMININO",0,"dif_concentrar","MUITA",3,"4.8"
"19","MANICA","FEMININO",0,"dif_concentrar","NENHUMA",45,"71.4"
"20","MANICA","FEMININO",0,"dif_concentrar","PEQUENA",13,"20.6"
"21","MANICA","FEMININO",0,"dif_andar","ALGUMA",5,"7.9"
"22","MANICA","FEMININO",0,"dif_andar","NENHUMA",47,"74.6"
"23","MANICA","FEMININO",0,"dif_andar","PEQUENA",11,"17.5"
"24","MANICA","FEMININO",0,"dif_banho","ALGUMA",1,"1.6"
"25","MANICA","FEMININO",0,"dif_banho","NENHUMA",62,"98.4"
"26","MANICA","FEMININO",0,"dif_vestir","MUITA",1,"1.6"
"27","MANICA","FEMININO",0,"dif_vestir","NENHUMA",62,"98.4"
"28","MANICA","FEMININO",0,"dif_socializar","ALGUMA",1,"1.6"
"29","MANICA","FEMININO",0,"dif_socializar","MUITA",3,"4.8"
"30","MANICA","FEMININO",0,"dif_socializar","NENHUMA",50,"79.4"
"31","MANICA","FEMININO",0,"dif_socializar","PEQUENA",9,"14.3"
"32","MANICA","FEMININO",0,"dif_amizade","ALGUMA",1,"1.6"
"33","MANICA","FEMININO",0,"dif_amizade","NENHUMA",50,"79.4"
"34","MANICA","FEMININO",0,"dif_amizade","PEQUENA",12,"19"
"35","MANICA","FEMININO",0,"dif_trabalho","ALGUMA",1,"1.6"
"36","MANICA","FEMININO",0,"dif_trabalho","MUITA",1,"1.6"
"37","MANICA","FEMININO",0,"dif_trabalho","NENHUMA",53,"84.1"
"38","MANICA","FEMININO",0,"dif_trabalho","PEQUENA",8,"12.7"
"39","MANICA","FEMININO",0,"dif_emocional","ALGUMA",5,"7.9"
"40","MANICA","FEMININO",0,"dif_emocional","MUITA",2,"3.2"
"41","MANICA","FEMININO",0,"dif_emocional","NENHUMA",44,"69.8"
"42","MANICA","FEMININO",0,"dif_emocional","PEQUENA",12,"19"
"43","MANICA","FEMININO",1,"dif_fica_pe","ALGUMA",17,"5.1"
"44","MANICA","FEMININO",1,"dif_fica_pe","MUITA",17,"5.1"
"45","MANICA","FEMININO",1,"dif_fica_pe","NENHUMA",221,"66.6"
"46","MANICA","FEMININO",1,"dif_fica_pe","PEQUENA",77,"23.2"
"47","MANICA","FEMININO",1,"dif_casa","ALGUMA",12,"3.6"
"48","MANICA","FEMININO",1,"dif_casa","MUITA",8,"2.4"
"49","MANICA","FEMININO",1,"dif_casa","NENHUMA",237,"71.4"
"50","MANICA","FEMININO",1,"dif_casa","PEQUENA",75,"22.6"
"51","MANICA","FEMININO",1,"dif_tarefa_nova","ALGUMA",12,"3.6"
"52","MANICA","FEMININO",1,"dif_tarefa_nova","GRAVE OU NAO PODE FAZER",1,"0.3"
"53","MANICA","FEMININO",1,"dif_tarefa_nova","MUITA",12,"3.6"
"54","MANICA","FEMININO",1,"dif_tarefa_nova","NENHUMA",203,"61.1"
"55","MANICA","FEMININO",1,"dif_tarefa_nova","PEQUENA",104,"31.3"
"56","MANICA","FEMININO",1,"dif_comunidade","ALGUMA",8,"2.4"
"57","MANICA","FEMININO",1,"dif_comunidade","GRAVE OU NAO PODE FAZER",1,"0.3"
"58","MANICA","FEMININO",1,"dif_comunidade","MUITA",6,"1.8"
"59","MANICA","FEMININO",1,"dif_comunidade","NENHUMA",248,"74.7"
"60","MANICA","FEMININO",1,"dif_comunidade","PEQUENA",69,"20.8"
"61","MANICA","FEMININO",1,"dif_concentrar","ALGUMA",8,"2.4"
"62","MANICA","FEMININO",1,"dif_concentrar","GRAVE OU NAO PODE FAZER",1,"0.3"
"63","MANICA","FEMININO",1,"dif_concentrar","MUITA",11,"3.3"
"64","MANICA","FEMININO",1,"dif_concentrar","NENHUMA",193,"58.1"
"65","MANICA","FEMININO",1,"dif_concentrar","PEQUENA",119,"35.8"
"66","MANICA","FEMININO",1,"dif_andar","ALGUMA",7,"2.1"
"67","MANICA","FEMININO",1,"dif_andar","GRAVE OU NAO PODE FAZER",1,"0.3"
"68","MANICA","FEMININO",1,"dif_andar","MUITA",8,"2.4"
"69","MANICA","FEMININO",1,"dif_andar","NENHUMA",255,"76.8"
"70","MANICA","FEMININO",1,"dif_andar","PEQUENA",61,"18.4"
"71","MANICA","FEMININO",1,"dif_banho","ALGUMA",2,"0.6"
"72","MANICA","FEMININO",1,"dif_banho","NENHUMA",326,"98.2"
"73","MANICA","FEMININO",1,"dif_banho","PEQUENA",4,"1.2"
"74","MANICA","FEMININO",1,"dif_vestir","ALGUMA",1,"0.3"
"75","MANICA","FEMININO",1,"dif_vestir","NENHUMA",323,"97.3"
"76","MANICA","FEMININO",1,"dif_vestir","PEQUENA",8,"2.4"
"77","MANICA","FEMININO",1,"dif_socializar","ALGUMA",6,"1.8"
"78","MANICA","FEMININO",1,"dif_socializar","MUITA",9,"2.7"
"79","MANICA","FEMININO",1,"dif_socializar","NENHUMA",271,"81.6"
"80","MANICA","FEMININO",1,"dif_socializar","PEQUENA",46,"13.9"
"81","MANICA","FEMININO",1,"dif_amizade","ALGUMA",3,"0.9"
"82","MANICA","FEMININO",1,"dif_amizade","MUITA",3,"0.9"
"83","MANICA","FEMININO",1,"dif_amizade","NENHUMA",298,"89.8"
"84","MANICA","FEMININO",1,"dif_amizade","PEQUENA",28,"8.4"
"85","MANICA","FEMININO",1,"dif_trabalho","ALGUMA",7,"2.1"
"86","MANICA","FEMININO",1,"dif_trabalho","MUITA",5,"1.5"
"87","MANICA","FEMININO",1,"dif_trabalho","NENHUMA",273,"82.2"
"88","MANICA","FEMININO",1,"dif_trabalho","PEQUENA",47,"14.2"
"89","MANICA","FEMININO",1,"dif_emocional","ALGUMA",21,"6.3"
"90","MANICA","FEMININO",1,"dif_emocional","GRAVE",1,"0.3"
"91","MANICA","FEMININO",1,"dif_emocional","MUITA",17,"5.1"
"92","MANICA","FEMININO",1,"dif_emocional","NENHUMA",203,"61.1"
"93","MANICA","FEMININO",1,"dif_emocional","PEQUENA",90,"27.1"
"94","MANICA","MASCULINO",0,"dif_fica_pe","ALGUMA",2,"5"
"95","MANICA","MASCULINO",0,"dif_fica_pe","NENHUMA",35,"87.5"
"96","MANICA","MASCULINO",0,"dif_fica_pe","PEQUENA",3,"7.5"
"97","MANICA","MASCULINO",0,"dif_casa","ALGUMA",1,"2.5"
"98","MANICA","MASCULINO",0,"dif_casa","MUITA",1,"2.5"
"99","MANICA","MASCULINO",0,"dif_casa","NENHUMA",30,"75"
"100","MANICA","MASCULINO",0,"dif_casa","PEQUENA",8,"20"
"101","MANICA","MASCULINO",0,"dif_tarefa_nova","ALGUMA",2,"5"
"102","MANICA","MASCULINO",0,"dif_tarefa_nova","NENHUMA",31,"77.5"
"103","MANICA","MASCULINO",0,"dif_tarefa_nova","PEQUENA",7,"17.5"
"104","MANICA","MASCULINO",0,"dif_comunidade","ALGUMA",1,"2.5"
"105","MANICA","MASCULINO",0,"dif_comunidade","MUITA",1,"2.5"
"106","MANICA","MASCULINO",0,"dif_comunidade","NENHUMA",31,"77.5"
"107","MANICA","MASCULINO",0,"dif_comunidade","PEQUENA",7,"17.5"
"108","MANICA","MASCULINO",0,"dif_concentrar","MUITA",3,"7.5"
"109","MANICA","MASCULINO",0,"dif_concentrar","NENHUMA",27,"67.5"
"110","MANICA","MASCULINO",0,"dif_concentrar","PEQUENA",10,"25"
"111","MANICA","MASCULINO",0,"dif_andar","ALGUMA",1,"2.5"
"112","MANICA","MASCULINO",0,"dif_andar","MUITA",1,"2.5"
"113","MANICA","MASCULINO",0,"dif_andar","NENHUMA",34,"85"
"114","MANICA","MASCULINO",0,"dif_andar","PEQUENA",4,"10"
"115","MANICA","MASCULINO",0,"dif_banho","NENHUMA",39,"97.5"
"116","MANICA","MASCULINO",0,"dif_banho","PEQUENA",1,"2.5"
"117","MANICA","MASCULINO",0,"dif_vestir","NENHUMA",40,"100"
"118","MANICA","MASCULINO",0,"dif_socializar","MUITA",1,"2.5"
"119","MANICA","MASCULINO",0,"dif_socializar","NENHUMA",37,"92.5"
"120","MANICA","MASCULINO",0,"dif_socializar","PEQUENA",2,"5"
"121","MANICA","MASCULINO",0,"dif_amizade","NENHUMA",38,"95"
"122","MANICA","MASCULINO",0,"dif_amizade","PEQUENA",2,"5"
"123","MANICA","MASCULINO",0,"dif_trabalho","ALGUMA",2,"5"
"124","MANICA","MASCULINO",0,"dif_trabalho","NENHUMA",35,"87.5"
"125","MANICA","MASCULINO",0,"dif_trabalho","PEQUENA",3,"7.5"
"126","MANICA","MASCULINO",0,"dif_emocional","ALGUMA",2,"5"
"127","MANICA","MASCULINO",0,"dif_emocional","MUITA",3,"7.5"
"128","MANICA","MASCULINO",0,"dif_emocional","NENHUMA",29,"72.5"
"129","MANICA","MASCULINO",0,"dif_emocional","PEQUENA",6,"15"
"130","MANICA","MASCULINO",1,"dif_fica_pe","ALGUMA",9,"6.9"
"131","MANICA","MASCULINO",1,"dif_fica_pe","GRAVE OU NAO PODE FAZER",1,"0.8"
"132","MANICA","MASCULINO",1,"dif_fica_pe","MUITA",11,"8.5"
"133","MANICA","MASCULINO",1,"dif_fica_pe","NENHUMA",91,"70"
"134","MANICA","MASCULINO",1,"dif_fica_pe","PEQUENA",18,"13.8"
"135","MANICA","MASCULINO",1,"dif_casa","ALGUMA",9,"6.9"
"136","MANICA","MASCULINO",1,"dif_casa","GRAVE OU NAO PODE FAZER",1,"0.8"
"137","MANICA","MASCULINO",1,"dif_casa","MUITA",7,"5.4"
"138","MANICA","MASCULINO",1,"dif_casa","NENHUMA",98,"75.4"
"139","MANICA","MASCULINO",1,"dif_casa","PEQUENA",15,"11.5"
"140","MANICA","MASCULINO",1,"dif_tarefa_nova","ALGUMA",7,"5.4"
"141","MANICA","MASCULINO",1,"dif_tarefa_nova","GRAVE OU NAO PODE FAZER",2,"1.5"
"142","MANICA","MASCULINO",1,"dif_tarefa_nova","MUITA",4,"3.1"
"143","MANICA","MASCULINO",1,"dif_tarefa_nova","NENHUMA",97,"74.6"
"144","MANICA","MASCULINO",1,"dif_tarefa_nova","PEQUENA",20,"15.4"
"145","MANICA","MASCULINO",1,"dif_comunidade","ALGUMA",8,"6.2"
"146","MANICA","MASCULINO",1,"dif_comunidade","GRAVE OU NAO PODE FAZER",1,"0.8"
"147","MANICA","MASCULINO",1,"dif_comunidade","MUITA",5,"3.8"
"148","MANICA","MASCULINO",1,"dif_comunidade","NENHUMA",105,"80.8"
"149","MANICA","MASCULINO",1,"dif_comunidade","PEQUENA",11,"8.5"
"150","MANICA","MASCULINO",1,"dif_concentrar","ALGUMA",6,"4.6"
"151","MANICA","MASCULINO",1,"dif_concentrar","MUITA",8,"6.2"
"152","MANICA","MASCULINO",1,"dif_concentrar","NENHUMA",96,"73.8"
"153","MANICA","MASCULINO",1,"dif_concentrar","PEQUENA",20,"15.4"
"154","MANICA","MASCULINO",1,"dif_andar","ALGUMA",5,"3.8"
"155","MANICA","MASCULINO",1,"dif_andar","GRAVE OU NAO PODE FAZER",1,"0.8"
"156","MANICA","MASCULINO",1,"dif_andar","MUITA",9,"6.9"
"157","MANICA","MASCULINO",1,"dif_andar","NENHUMA",104,"80"
"158","MANICA","MASCULINO",1,"dif_andar","PEQUENA",11,"8.5"
"159","MANICA","MASCULINO",1,"dif_banho","ALGUMA",2,"1.5"
"160","MANICA","MASCULINO",1,"dif_banho","NENHUMA",127,"97.7"
"161","MANICA","MASCULINO",1,"dif_banho","PEQUENA",1,"0.8"
"162","MANICA","MASCULINO",1,"dif_vestir","ALGUMA",1,"0.8"
"163","MANICA","MASCULINO",1,"dif_vestir","NENHUMA",127,"97.7"
"164","MANICA","MASCULINO",1,"dif_vestir","PEQUENA",2,"1.5"
"165","MANICA","MASCULINO",1,"dif_socializar","ALGUMA",5,"3.8"
"166","MANICA","MASCULINO",1,"dif_socializar","MUITA",3,"2.3"
"167","MANICA","MASCULINO",1,"dif_socializar","NENHUMA",112,"86.2"
"168","MANICA","MASCULINO",1,"dif_socializar","PEQUENA",10,"7.7"
"169","MANICA","MASCULINO",1,"dif_amizade","ALGUMA",1,"0.8"
"170","MANICA","MASCULINO",1,"dif_amizade","MUITA",4,"3.1"
"171","MANICA","MASCULINO",1,"dif_amizade","NENHUMA",116,"89.2"
"172","MANICA","MASCULINO",1,"dif_amizade","PEQUENA",9,"6.9"
"173","MANICA","MASCULINO",1,"dif_trabalho","ALGUMA",4,"3.1"
"174","MANICA","MASCULINO",1,"dif_trabalho","GRAVE OU NAO PODE FAZER",1,"0.8"
"175","MANICA","MASCULINO",1,"dif_trabalho","MUITA",6,"4.6"
"176","MANICA","MASCULINO",1,"dif_trabalho","NENHUMA",109,"83.8"
"177","MANICA","MASCULINO",1,"dif_trabalho","PEQUENA",10,"7.7"
"178","MANICA","MASCULINO",1,"dif_emocional","ALGUMA",17,"13.1"
"179","MANICA","MASCULINO",1,"dif_emocional","MUITA",10,"7.7"
"180","MANICA","MASCULINO",1,"dif_emocional","NENHUMA",76,"58.5"
"181","MANICA","MASCULINO",1,"dif_emocional","PEQUENA",27,"20.8"
"182","SOFALA","FEMININO",0,"dif_fica_pe","ALGUMA",4,"6.2"
"183","SOFALA","FEMININO",0,"dif_fica_pe","MUITA",3,"4.6"
"184","SOFALA","FEMININO",0,"dif_fica_pe","NENHUMA",45,"69.2"
"185","SOFALA","FEMININO",0,"dif_fica_pe","PEQUENA",13,"20"
"186","SOFALA","FEMININO",0,"dif_casa","ALGUMA",5,"7.7"
"187","SOFALA","FEMININO",0,"dif_casa","MUITA",3,"4.6"
"188","SOFALA","FEMININO",0,"dif_casa","NENHUMA",46,"70.8"
"189","SOFALA","FEMININO",0,"dif_casa","PEQUENA",11,"16.9"
"190","SOFALA","FEMININO",0,"dif_tarefa_nova","ALGUMA",5,"7.7"
"191","SOFALA","FEMININO",0,"dif_tarefa_nova","MUITA",1,"1.5"
"192","SOFALA","FEMININO",0,"dif_tarefa_nova","NENHUMA",49,"75.4"
"193","SOFALA","FEMININO",0,"dif_tarefa_nova","PEQUENA",10,"15.4"
"194","SOFALA","FEMININO",0,"dif_comunidade","ALGUMA",2,"3.1"
"195","SOFALA","FEMININO",0,"dif_comunidade","MUITA",1,"1.5"
"196","SOFALA","FEMININO",0,"dif_comunidade","NENHUMA",55,"84.6"
"197","SOFALA","FEMININO",0,"dif_comunidade","PEQUENA",7,"10.8"
"198","SOFALA","FEMININO",0,"dif_concentrar","ALGUMA",9,"13.8"
"199","SOFALA","FEMININO",0,"dif_concentrar","GRAVE OU NAO PODE FAZER",1,"1.5"
"200","SOFALA","FEMININO",0,"dif_concentrar","MUITA",2,"3.1"
"201","SOFALA","FEMININO",0,"dif_concentrar","NENHUMA",44,"67.7"
"202","SOFALA","FEMININO",0,"dif_concentrar","PEQUENA",9,"13.8"
"203","SOFALA","FEMININO",0,"dif_andar","ALGUMA",4,"6.2"
"204","SOFALA","FEMININO",0,"dif_andar","MUITA",8,"12.3"
"205","SOFALA","FEMININO",0,"dif_andar","NENHUMA",39,"60"
"206","SOFALA","FEMININO",0,"dif_andar","NN",1,"1.5"
"207","SOFALA","FEMININO",0,"dif_andar","PEQUENA",13,"20"
"208","SOFALA","FEMININO",0,"dif_banho","NENHUMA",63,"96.9"
"209","SOFALA","FEMININO",0,"dif_banho","PEQUENA",2,"3.1"
"210","SOFALA","FEMININO",0,"dif_vestir","NENHUMA",62,"95.4"
"211","SOFALA","FEMININO",0,"dif_vestir","PEQUENA",3,"4.6"
"212","SOFALA","FEMININO",0,"dif_socializar","ALGUMA",1,"1.5"
"213","SOFALA","FEMININO",0,"dif_socializar","MUITA",2,"3.1"
"214","SOFALA","FEMININO",0,"dif_socializar","NENHUMA",57,"87.7"
"215","SOFALA","FEMININO",0,"dif_socializar","PEQUENA",5,"7.7"
"216","SOFALA","FEMININO",0,"dif_amizade","ALGUMA",4,"6.2"
"217","SOFALA","FEMININO",0,"dif_amizade","GRAVE OU NAO PODE FAZER",1,"1.5"
"218","SOFALA","FEMININO",0,"dif_amizade","NENHUMA",54,"83.1"
"219","SOFALA","FEMININO",0,"dif_amizade","PEQUENA",6,"9.2"
"220","SOFALA","FEMININO",0,"dif_trabalho","ALGUMA",5,"7.7"
"221","SOFALA","FEMININO",0,"dif_trabalho","NENHUMA",52,"80"
"222","SOFALA","FEMININO",0,"dif_trabalho","PEQUENA",8,"12.3"
"223","SOFALA","FEMININO",0,"dif_emocional","ALGUMA",9,"13.8"
"224","SOFALA","FEMININO",0,"dif_emocional","MUITA",6,"9.2"
"225","SOFALA","FEMININO",0,"dif_emocional","NENHUMA",25,"38.5"
"226","SOFALA","FEMININO",0,"dif_emocional","PEQUENA",25,"38.5"
"227","SOFALA","FEMININO",1,"dif_fica_pe","ALGUMA",15,"6.8"
"228","SOFALA","FEMININO",1,"dif_fica_pe","MUITA",17,"7.7"
"229","SOFALA","FEMININO",1,"dif_fica_pe","NENHUMA",159,"72.3"
"230","SOFALA","FEMININO",1,"dif_fica_pe","PEQUENA",29,"13.2"
"231","SOFALA","FEMININO",1,"dif_casa","ALGUMA",10,"4.5"
"232","SOFALA","FEMININO",1,"dif_casa","MUITA",5,"2.3"
"233","SOFALA","FEMININO",1,"dif_casa","NENHUMA",181,"82.3"
"234","SOFALA","FEMININO",1,"dif_casa","PEQUENA",24,"10.9"
"235","SOFALA","FEMININO",1,"dif_tarefa_nova","ALGUMA",12,"5.5"
"236","SOFALA","FEMININO",1,"dif_tarefa_nova","MUITA",1,"0.5"
"237","SOFALA","FEMININO",1,"dif_tarefa_nova","NENHUMA",176,"80"
"238","SOFALA","FEMININO",1,"dif_tarefa_nova","PEQUENA",31,"14.1"
"239","SOFALA","FEMININO",1,"dif_comunidade","ALGUMA",11,"5"
"240","SOFALA","FEMININO",1,"dif_comunidade","MUITA",2,"0.9"
"241","SOFALA","FEMININO",1,"dif_comunidade","NENHUMA",167,"75.9"
"242","SOFALA","FEMININO",1,"dif_comunidade","PEQUENA",40,"18.2"
"243","SOFALA","FEMININO",1,"dif_concentrar","ALGUMA",29,"13.2"
"244","SOFALA","FEMININO",1,"dif_concentrar","GRAVE OU NAO PODE FAZER",1,"0.5"
"245","SOFALA","FEMININO",1,"dif_concentrar","MUITA",6,"2.7"
"246","SOFALA","FEMININO",1,"dif_concentrar","NENHUMA",129,"58.6"
"247","SOFALA","FEMININO",1,"dif_concentrar","PEQUENA",55,"25"
"248","SOFALA","FEMININO",1,"dif_andar","ALGUMA",25,"11.4"
"249","SOFALA","FEMININO",1,"dif_andar","MUITA",17,"7.7"
"250","SOFALA","FEMININO",1,"dif_andar","NENHUMA",136,"61.8"
"251","SOFALA","FEMININO",1,"dif_andar","PEQUENA",42,"19.1"
"252","SOFALA","FEMININO",1,"dif_banho","ALGUMA",3,"1.4"
"253","SOFALA","FEMININO",1,"dif_banho","MUITA",1,"0.5"
"254","SOFALA","FEMININO",1,"dif_banho","NENHUMA",210,"95.5"
"255","SOFALA","FEMININO",1,"dif_banho","PEQUENA",6,"2.7"
"256","SOFALA","FEMININO",1,"dif_vestir","ALGUMA",1,"0.5"
"257","SOFALA","FEMININO",1,"dif_vestir","MUITA",1,"0.5"
"258","SOFALA","FEMININO",1,"dif_vestir","NENHUMA",217,"98.6"
"259","SOFALA","FEMININO",1,"dif_vestir","PEQUENA",1,"0.5"
"260","SOFALA","FEMININO",1,"dif_socializar","ALGUMA",9,"4.1"
"261","SOFALA","FEMININO",1,"dif_socializar","GRAVE OU NAO PODE FAZER",1,"0.5"
"262","SOFALA","FEMININO",1,"dif_socializar","MUITA",1,"0.5"
"263","SOFALA","FEMININO",1,"dif_socializar","NENHUMA",191,"86.8"
"264","SOFALA","FEMININO",1,"dif_socializar","PEQUENA",18,"8.2"
"265","SOFALA","FEMININO",1,"dif_amizade","ALGUMA",11,"5"
"266","SOFALA","FEMININO",1,"dif_amizade","MUITA",2,"0.9"
"267","SOFALA","FEMININO",1,"dif_amizade","NENHUMA",184,"83.6"
"268","SOFALA","FEMININO",1,"dif_amizade","PEQUENA",23,"10.5"
"269","SOFALA","FEMININO",1,"dif_trabalho","ALGUMA",10,"4.5"
"270","SOFALA","FEMININO",1,"dif_trabalho","MUITA",2,"0.9"
"271","SOFALA","FEMININO",1,"dif_trabalho","NENHUMA",174,"79.1"
"272","SOFALA","FEMININO",1,"dif_trabalho","PEQUENA",34,"15.5"
"273","SOFALA","FEMININO",1,"dif_emocional","ALGUMA",22,"10"
"274","SOFALA","FEMININO",1,"dif_emocional","MUITA",19,"8.6"
"275","SOFALA","FEMININO",1,"dif_emocional","NENHUMA",74,"33.6"
"276","SOFALA","FEMININO",1,"dif_emocional","PEQUENA",105,"47.7"
"277","SOFALA","MASCULINO",0,"dif_fica_pe","ALGUMA",3,"10.3"
"278","SOFALA","MASCULINO",0,"dif_fica_pe","GRAVE OU NAO PODE FAZER",1,"3.4"
"279","SOFALA","MASCULINO",0,"dif_fica_pe","NENHUMA",25,"86.2"
"280","SOFALA","MASCULINO",0,"dif_casa","ALGUMA",6,"20.7"
"281","SOFALA","MASCULINO",0,"dif_casa","MUITA",1,"3.4"
"282","SOFALA","MASCULINO",0,"dif_casa","NENHUMA",20,"69"
"283","SOFALA","MASCULINO",0,"dif_casa","PEQUENA",2,"6.9"
"284","SOFALA","MASCULINO",0,"dif_tarefa_nova","ALGUMA",1,"3.4"
"285","SOFALA","MASCULINO",0,"dif_tarefa_nova","NENHUMA",24,"82.8"
"286","SOFALA","MASCULINO",0,"dif_tarefa_nova","PEQUENA",4,"13.8"
"287","SOFALA","MASCULINO",0,"dif_comunidade","ALGUMA",2,"6.9"
"288","SOFALA","MASCULINO",0,"dif_comunidade","NENHUMA",22,"75.9"
"289","SOFALA","MASCULINO",0,"dif_comunidade","PEQUENA",5,"17.2"
"290","SOFALA","MASCULINO",0,"dif_concentrar","ALGUMA",1,"3.4"
"291","SOFALA","MASCULINO",0,"dif_concentrar","MUITA",1,"3.4"
"292","SOFALA","MASCULINO",0,"dif_concentrar","NENHUMA",25,"86.2"
"293","SOFALA","MASCULINO",0,"dif_concentrar","PEQUENA",2,"6.9"
"294","SOFALA","MASCULINO",0,"dif_andar","ALGUMA",3,"10.3"
"295","SOFALA","MASCULINO",0,"dif_andar","MUITA",1,"3.4"
"296","SOFALA","MASCULINO",0,"dif_andar","NENHUMA",17,"58.6"
"297","SOFALA","MASCULINO",0,"dif_andar","PEQUENA",8,"27.6"
"298","SOFALA","MASCULINO",0,"dif_banho","NENHUMA",29,"100"
"299","SOFALA","MASCULINO",0,"dif_vestir","NENHUMA",29,"100"
"300","SOFALA","MASCULINO",0,"dif_socializar","NENHUMA",27,"93.1"
"301","SOFALA","MASCULINO",0,"dif_socializar","PEQUENA",2,"6.9"
"302","SOFALA","MASCULINO",0,"dif_amizade","NENHUMA",26,"89.7"
"303","SOFALA","MASCULINO",0,"dif_amizade","PEQUENA",3,"10.3"
"304","SOFALA","MASCULINO",0,"dif_trabalho","ALGUMA",3,"10.3"
"305","SOFALA","MASCULINO",0,"dif_trabalho","NENHUMA",19,"65.5"
"306","SOFALA","MASCULINO",0,"dif_trabalho","PEQUENA",7,"24.1"
"307","SOFALA","MASCULINO",0,"dif_emocional","ALGUMA",1,"3.4"
"308","SOFALA","MASCULINO",0,"dif_emocional","MUITA",2,"6.9"
"309","SOFALA","MASCULINO",0,"dif_emocional","NENHUMA",10,"34.5"
"310","SOFALA","MASCULINO",0,"dif_emocional","PEQUENA",16,"55.2"
"311","SOFALA","MASCULINO",1,"dif_fica_pe","ALGUMA",15,"7.5"
"312","SOFALA","MASCULINO",1,"dif_fica_pe","GRAVE OU NAO PODE FAZER",2,"1"
"313","SOFALA","MASCULINO",1,"dif_fica_pe","MUITA",14,"7"
"314","SOFALA","MASCULINO",1,"dif_fica_pe","NENHUMA",139,"69.8"
"315","SOFALA","MASCULINO",1,"dif_fica_pe","PEQUENA",29,"14.6"
"316","SOFALA","MASCULINO",1,"dif_casa","ALGUMA",13,"6.5"
"317","SOFALA","MASCULINO",1,"dif_casa","GRAVE OU NAO PODE FAZER",1,"0.5"
"318","SOFALA","MASCULINO",1,"dif_casa","MUITA",6,"3"
"319","SOFALA","MASCULINO",1,"dif_casa","NENHUMA",152,"76.4"
"320","SOFALA","MASCULINO",1,"dif_casa","PEQUENA",27,"13.6"
"321","SOFALA","MASCULINO",1,"dif_tarefa_nova","ALGUMA",10,"5"
"322","SOFALA","MASCULINO",1,"dif_tarefa_nova","MUITA",7,"3.5"
"323","SOFALA","MASCULINO",1,"dif_tarefa_nova","NENHUMA",161,"80.9"
"324","SOFALA","MASCULINO",1,"dif_tarefa_nova","PEQUENA",21,"10.6"
"325","SOFALA","MASCULINO",1,"dif_comunidade","ALGUMA",7,"3.5"
"326","SOFALA","MASCULINO",1,"dif_comunidade","GRAVE OU NAO PODE FAZER",1,"0.5"
"327","SOFALA","MASCULINO",1,"dif_comunidade","MUITA",3,"1.5"
"328","SOFALA","MASCULINO",1,"dif_comunidade","NENHUMA",153,"76.9"
"329","SOFALA","MASCULINO",1,"dif_comunidade","PEQUENA",35,"17.6"
"330","SOFALA","MASCULINO",1,"dif_concentrar","ALGUMA",14,"7"
"331","SOFALA","MASCULINO",1,"dif_concentrar","GRAVE OU NAO PODE FAZER",2,"1"
"332","SOFALA","MASCULINO",1,"dif_concentrar","MUITA",1,"0.5"
"333","SOFALA","MASCULINO",1,"dif_concentrar","NENHUMA",144,"72.4"
"334","SOFALA","MASCULINO",1,"dif_concentrar","PEQUENA",38,"19.1"
"335","SOFALA","MASCULINO",1,"dif_andar","ALGUMA",17,"8.5"
"336","SOFALA","MASCULINO",1,"dif_andar","GRAVE OU NAO PODE FAZER",1,"0.5"
"337","SOFALA","MASCULINO",1,"dif_andar","MUITA",14,"7"
"338","SOFALA","MASCULINO",1,"dif_andar","NENHUMA",144,"72.4"
"339","SOFALA","MASCULINO",1,"dif_andar","PEQUENA",23,"11.6"
"340","SOFALA","MASCULINO",1,"dif_banho","MUITA",2,"1"
"341","SOFALA","MASCULINO",1,"dif_banho","NENHUMA",191,"96"
"342","SOFALA","MASCULINO",1,"dif_banho","PEQUENA",6,"3"
"343","SOFALA","MASCULINO",1,"dif_vestir","NENHUMA",191,"96"
"344","SOFALA","MASCULINO",1,"dif_vestir","PEQUENA",8,"4"
"345","SOFALA","MASCULINO",1,"dif_socializar","ALGUMA",6,"3"
"346","SOFALA","MASCULINO",1,"dif_socializar","MUITA",3,"1.5"
"347","SOFALA","MASCULINO",1,"dif_socializar","NENHUMA",177,"88.9"
"348","SOFALA","MASCULINO",1,"dif_socializar","PEQUENA",13,"6.5"
"349","SOFALA","MASCULINO",1,"dif_amizade","ALGUMA",6,"3"
"350","SOFALA","MASCULINO",1,"dif_amizade","MUITA",4,"2"
"351","SOFALA","MASCULINO",1,"dif_amizade","NENHUMA",181,"91"
"352","SOFALA","MASCULINO",1,"dif_amizade","PEQUENA",8,"4"
"353","SOFALA","MASCULINO",1,"dif_trabalho","ALGUMA",9,"4.5"
"354","SOFALA","MASCULINO",1,"dif_trabalho","GRAVE OU NAO PODE FAZER",1,"0.5"
"355","SOFALA","MASCULINO",1,"dif_trabalho","MUITA",1,"0.5"
"356","SOFALA","MASCULINO",1,"dif_trabalho","NENHUMA",154,"77.4"
"357","SOFALA","MASCULINO",1,"dif_trabalho","PEQUENA",34,"17.1"
"358","SOFALA","MASCULINO",1,"dif_emocional","ALGUMA",16,"8"
"359","SOFALA","MASCULINO",1,"dif_emocional","GRAVE",1,"0.5"
"360","SOFALA","MASCULINO",1,"dif_emocional","MUITA",28,"14.1"
"361","SOFALA","MASCULINO",1,"dif_emocional","NENHUMA",68,"34.2"
"362","SOFALA","MASCULINO",1,"dif_emocional","PEQUENA",86,"43.2"
